time,temperature_2m_max,temperature_2m_min,temperature_2m_mean,relative_humidity_2m_mean,shortwave_radiation_sum,precipitation_sum,et0_openmeteo,wind_speed_10m_mean,es,ea,vpd,delta,giorno_anno,ra,rso,rns,rapporto_nuvolosita,rnl,rn,u2,et0,giorni_da_semina,kc,etc
2024-04-25,14.4,5.1,9.7,75,23.51,0.1,3.22,2.6391666666666667,1.2594976462685041,0.9446232347013781,0.31487441156712603,0.0808391844296233,116,35.7145587022178,26.818062129495345,18.102700000000002,0.8766479802484672,5.3473110152405186,12.755388984759485,1.9739675458807324,2.8694515422158897,0,0.3,0.8608354626647668
2024-04-26,16.6,6.0,10.7,78,20.65,1.8,3.01,2.7108333333333334,1.412130765517631,1.1014619971037523,0.3106687684138787,0.08573690348100017,117,35.92817290215778,26.97846503223028,15.9005,0.7654253114597189,4.24414506939341,11.65635493060659,2.0275707062677686,2.72264410017268,1,0.3,0.816793230051804
2024-04-27,17.5,7.1,12.6,81,16.71,0.3,2.67,2.4833333333333334,1.504372811512165,1.2185419773248538,0.28583083418731126,0.09574213933593977,118,36.13863523632951,27.13650119895983,12.866700000000002,0.6157757729150621,2.9118186884796837,9.954881311520317,1.8574118366670613,2.4429239740953337,2,0.3,0.7328771922286
2024-04-28,20.5,10.9,15.0,78,14.77,0.3,2.72,3.188333333333333,1.8578275165258287,1.4491054628901465,0.40872205363568215,0.10978677277584367,119,36.34589697928051,27.292134041741736,11.3729,0.5411815718554709,2.2314185903145187,9.14148140968548,2.3847173446604617,2.6546987904826684,3,0.3,0.7964096371448005
2024-04-29,21.6,9.2,15.5,78,21.86,0.0,3.62,1.6283333333333332,1.8719086447674873,1.4600887429186402,0.4118199018488471,0.11292310671892747,120,36.549910858874846,27.44532806392912,16.8322,0.7964925742217739,4.223517179660865,12.608682820339135,1.217913667398469,3.301974523300249,4,0.3,0.9905923569900746
2024-04-30,24.1,9.4,17.0,73,23.45,0.0,4.31,2.0366666666666666,2.090664730856938,1.5261852535255647,0.5644794773313733,0.12279264420686307,121,36.75063103165141,27.596048841667045,18.0565,0.8497593309297612,4.629938583275199,13.426561416724802,1.5233270230920462,3.7926363907833487,5,0.3,1.1377909172350045
2024-05-01,17.5,12.6,14.9,82,6.76,14.5,1.46,2.4258333333333333,1.7295075868827268,1.418196221243836,0.31131136563889084,0.10916847143933489,122,36.94801305713822,27.744263004605088,5.2052,0.24365397627891403,-0.12354694695882784,5.328746946958828,1.8144046498449045,1.6351294623780992,6,0.3,0.49053883871342974
2024-05-02,17.3,10.1,14.3,81,12.24,28.3,2.22,3.5095833333333335,1.6055461903150055,1.3004924141551546,0.30505377615985085,0.10552045872401396,123,37.14201387127406,27.88993821593969,9.424800000000001,0.43886794962509384,1.4531746447308909,7.9716253552691105,2.624996627558164,2.20063475411855,7,0.3,0.6601904262355649
2024-05-03,19.4,7.4,13.5,79,21.18,3.4,3.28,2.3445833333333335,1.6412710580680776,1.2966041358737814,0.3446669221942962,0.10081806418679075,124,37.33259175908975,28.033043151900497,16.3086,0.7555369527751076,4.010541956316949,12.29805804368305,1.753633624987509,3.0469120813509467,8,0.3,0.914073624405284
2024-05-04,20.1,11.5,15.4,80,21.9,4.4,3.58,1.3583333333333334,1.8548904546845881,1.4839123637476705,0.3709780909369176,0.11228982446075066,125,37.5197063268007,28.173547480794646,16.863,0.7773249007754099,4.056666390161726,12.806333609838273,1.015966877103124,3.2873969829861016,9,0.3,0.9862190948958305
2024-05-05,22.3,10.1,16.1,73,24.05,0.0,4.14,1.8541666666666667,1.9644400377342393,1.4340412275459946,0.5303988101882446,0.11678685949476648,126,37.70331847346232,28.311421841722854,18.5185,0.84948047238508,4.732898218210236,13.785601781789763,1.3868259518738963,3.7620118693056446,10,0.3,1.1286035607916933
2024-05-06,18.6,11.3,15.3,79,12.28,1.2,2.2,2.02875,1.741137536934568,1.3754986541783087,0.36563888275625933,0.11165956151981879,127,37.883390362337806,28.44663782307946,9.4556,0.43168546231628585,1.3838314508692162,8.071768549130784,1.5174057437469666,2.2687273331531865,11,0.3,0.680618199945956
2024-05-07,18.2,12.1,14.8,86,14.88,6.2,2.42,1.6812500000000001,1.7509634667859033,1.5058285814358767,0.2451348853500266,0.10855313174773554,128,38.059885392126006,28.579167940947418,11.457600000000001,0.5206589649756864,2.012169730975495,9.445430269024506,1.2574927451261062,2.3648182780176983,12,0.3,0.7094454834053094
2024-05-08,20.8,11.8,15.6,85,18.42,4.7,3.09,1.4337499999999999,1.9203950546279547,1.6323357964337615,0.2880592581941932,0.11355941992493146,129,38.232768168193836,28.70898561749675,14.183400000000002,0.6416109661768716,2.866975047287544,11.316424952712458,1.0723748540220397,2.8724803483478665,13,0.3,0.8617441045043599
2024-05-09,22.9,13.2,17.4,80,22.08,0.1,3.84,1.8333333333333333,2.154984244408902,1.7239873955271214,0.43099684888178036,0.12554480178025634,130,38.40200447395405,28.836065159492097,17.0016,0.7657077995168777,3.771386371404334,13.230213628595665,1.3712436378078976,3.576523910554466,14,0.3,1.0729571731663397
2024-05-10,23.6,12.1,17.9,73,25.05,0.6,4.39,1.4929166666666667,2.1624310664119273,1.5785746784807069,0.5838563879312204,0.1290583988387753,131,38.56756124252503,28.960381737012046,19.288500000000003,0.8649747861571008,4.7296217184658245,14.558878281534177,1.1166286259694767,4.071012396479034,15,0.3,1.2213037189437101
2024-05-11,24.9,12.0,18.6,68,25.25,0.0,4.66,1.5270833333333333,2.275760776143697,1.547517327777714,0.728243448365983,0.1341172196039836,132,38.729406528803636,29.08191136247865,19.4425,0.868237293116072,4.848105272895838,14.594394727104161,1.1421836210377148,4.2730732497725565,16,0.3,1.281921974931767
2024-05-12,25.6,13.2,19.6,67,24.61,0.0,4.63,1.60875,2.400124946191304,1.6080837139481736,0.7920412322431303,0.14163485098448397,133,38.88750948207655,29.200630870091285,18.9497,0.8427900105818181,4.609454979706209,14.340245020293791,1.20326629217643,4.342592196601813,17,0.3,1.3027776589805438
2024-05-13,22.5,14.8,17.6,81,14.72,4.5,2.71,1.49,2.2045495673192743,1.7856851495286123,0.41886441779066197,0.12694038018719841,134,39.041840319289165,29.316517895754235,11.3344,0.5021060158761838,1.7841956901955836,9.550204309804418,1.1144471020002367,2.696685123820235,18,0.3,0.8090055371460705
2024-05-14,23.4,13.9,18.2,79,22.26,0.3,4.02,3.0245833333333336,2.233195314689255,1.7642242986045114,0.46897101608474356,0.1312062960674706,135,39.19237029908317,29.429550857581553,17.1402,0.7563825933913445,3.6813028474085723,13.458897152591428,2.262240356101711,3.764453903466191,19,0.3,1.1293361710398573
2024-05-15,16.8,14.4,15.4,91,7.32,66.3,1.33,5.81625,1.7769410668787815,1.6170163708596912,0.15992469601909032,0.11228982446075066,136,39.3390716967071,29.539708937057362,5.6364,0.24780203540926263,-0.0854105482322955,5.721810548232296,4.350270440945555,1.464092002883744,20,0.3,0.4392276008651232
2024-05-16,19.7,12.7,15.6,88,11.19,17.9,1.93,3.6458333333333335,1.8819194065011313,1.6560890777209956,0.22583032878013576,0.11355941992493146,137,39.48191777989464,29.646972060922884,8.616299999999999,0.37744158077948636,0.8773153715241152,7.738984628475884,2.7269049615497964,2.0076407518920747,21,0.3257142857142857,0.6539172734734185
2024-05-17,22.1,11.3,16.1,78,23.87,0.5,4.04,1.8208333333333335,1.9996057472485744,1.559692482853888,0.43991326439468637,0.11678685949476648,138,39.620882785797185,29.751320883855108,18.379900000000003,0.8023173187229252,4.19948768157251,14.180412318427493,1.3618942493682984,3.727019955766904,22,0.3514285714285714,1.3097812987409405
2024-05-18,22.7,11.5,17.2,75,24.77,0.0,4.32,1.6108333333333331,2.0579237034897586,1.543442777617319,0.5144809258724397,0.12416225573867952,139,39.7559418990472,29.852736771994543,19.0729,0.8297396714138865,4.461146663453019,14.611753336546982,1.20482452358303,3.9749745849677534,23,0.3771428571428571,1.4991332720449813
2024-05-19,23.6,13.0,18.6,77,24.23,1.0,4.21,1.2437500000000001,2.2053969515484964,1.6981556526923423,0.5072412988561541,0.1341172196039836,140,39.88707123101918,29.9512017873723,18.6571,0.8089825634380917,4.145398285194808,14.511701714805191,0.9302641497401306,4.01069202078204,24,0.4028571428571428,1.615735928372193
2024-05-20,22.9,14.5,18.0,85,18.82,17.4,3.16,2.0220833333333332,2.2218544608784003,1.8885762917466402,0.3332781691317601,0.1297710281553612,141,40.014247800344336,30.046698673278563,14.4914,0.6263583298998899,2.605647397629328,11.885752602370673,1.512419403245847,3.1732066423980614,25,0.42857142857142855,1.3599457038848835
2024-05-21,23.1,15.0,17.9,81,16.5,31.2,3.07,3.5391666666666666,2.26591071662619,1.8353876804672138,0.430523036158976,0.1290583988387753,142,40.137449514724736,30.139210840606804,12.705,0.547459589677425,2.0932679971319237,10.611732002868077,2.647123513531882,3.1010205751312836,26,0.4542857142857143,1.4087493469882117
2024-05-22,21.2,13.4,17.2,82,19.36,5.1,3.25,1.6895833333333334,2.0275681427251215,1.6626058770345995,0.36496226569052204,0.12416225573867952,143,40.2566551540815,30.2287223551998,14.9072,0.6404504885291583,2.8672307051086445,12.039969294891355,1.2637256707525057,3.208553234753487,27,0.48,1.5401055526816738
2024-05-23,19.4,12.2,15.9,88,18.09,10.3,2.89,1.4258333333333333,1.8369996115414693,1.616559658156493,0.22043995338497635,0.11548666201805233,144,40.3718443550603,30.31521792621478,13.9293,0.5967300002272738,2.525211167556312,11.404088832443687,1.0664535746769603,2.8357443674085854,28,0.5057142857142857,1.4340764372323416
2024-05-24,21.3,12.3,16.2,86,20.93,1.4,3.51,1.3791666666666667,1.9818781928280147,1.7044152458320927,0.277462946995922,0.11744160443265084,145,40.4829975969067,30.39868289551724,16.1161,0.6885166726446051,3.1623929318497144,12.953707068150285,1.031549191169123,3.271753578804391,29,0.5314285714285714,1.7387033304503332
2024-05-25,20.1,13.1,16.6,81,19.74,0.6,3.3,1.1020833333333333,1.9301958368761052,1.5634586278696454,0.3667372090064598,0.12009183587666868,146,40.590096188711954,30.479103228103806,15.1998,0.6476568504088525,2.99191046775565,12.20788953224435,0.8243044140913384,3.2110837438845548,30,0.5571428571428572,1.7890323715928234
2024-05-26,24.7,12.0,18.7,75,26.22,0.1,4.61,1.66375,2.2570868920816043,1.6928151690612032,0.5642717230204011,0.13485343802414038,147,40.693122258019244,30.55646550354665,20.1894,0.8580835370817569,4.5308958200656715,15.658504179934328,1.2444036013106672,4.372882969550369,31,0.5828571428571427,2.5487660736807856
2024-05-27,25.2,14.3,19.5,76,24.08,1.9,4.45,1.8816666666666666,2.417853091882981,1.8375683498310655,0.5802847420519153,0.1408673891615032,148,40.79205874076922,30.630756908443608,18.5416,0.7861379355389732,3.864318311747181,14.677281688252819,1.4073946064410148,4.217440442602737,32,0.6085714285714285,2.5666137550696657
2024-05-28,23.5,15.8,19.4,82,22.55,3.1,3.99,1.5795833333333331,2.3453595272978536,1.9231948123842397,0.42216471491361385,0.1401034503070449,149,40.886889372552645,30.701965229849783,17.363500000000002,0.7344806702496006,3.3758951309026064,13.987604869097396,1.1814510524840316,3.856027787949604,33,0.6342857142857142,2.445823339785177
2024-05-29,24.2,15.5,20.2,76,23.91,0.1,4.27,1.7504166666666665,2.390474358188043,1.8167605122229127,0.5737138459651303,0.14631433363172242,150,40.97759868112828,30.770078849659225,18.410700000000002,0.7770535823721102,3.827272571278414,14.583427428721588,1.3092260278252221,4.215741599914295,34,0.6599999999999999,2.7823894559434343
2024-05-30,23.5,16.5,19.2,80,20.29,4.5,3.78,2.1366666666666667,2.386353303502764,1.9090826428022112,0.4772706607005528,0.13858608974382908,151,41.06417198015362,30.835086739897353,15.6233,0.6580166344642344,2.859681931063858,12.763618068936143,1.5981221306088407,3.632609313743848,35,0.6857142857142857,2.4909321008529246
2024-05-31,19.3,13.7,16.5,78,18.34,58.0,3.16,3.295833333333333,1.9033027469411268,1.4845761426140789,0.4187266043270479,0.11942456641907648,152,41.14659536406731,30.89697845887814,14.1218,0.5935855515583617,2.640749621898284,11.481050378101717,2.4651220852410156,3.1922895598063694,36,0.7114285714285713,2.271086001119388
2024-06-01,24.8,11.3,18.2,68,26.1,0.1,4.87,2.3225000000000002,2.234678689356439,1.5195815087623787,0.7150971805940605,0.1312062960674706,153,41.224855704053034,30.955744148173423,20.097,0.8431391561795183,4.668205681244562,15.42879431875544,1.7371163720775504,4.5552046812982185,37,0.7371428571428571,3.357836593642687
2024-06-02,22.5,13.6,17.7,82,20.37,8.6,3.5,1.8225,2.141582973833382,1.756098038543373,0.38548493529000893,0.127643087251594,154,41.298940645007264,31.011374530335956,15.6849,0.6568557604589134,2.92772081913018,12.757179180869821,1.3631408344935783,3.4264435662109536,38,0.7628571428571427,2.6138869490809267
2024-06-03,22.9,14.3,18.3,80,21.32,6.9,3.69,1.5875000000000001,2.2112418535311984,1.7689934828249587,0.4422483707062397,0.13192895965572127,155,41.368838603425864,31.06386090731248,16.4164,0.6863280795524435,3.154311855682615,13.262088144317385,1.1873723318291114,3.639828283290998,39,0.7885714285714285,2.870264589109472
2024-06-04,25.0,14.2,18.9,81,23.22,2.2,4.13,1.5275,2.39362454396611,1.9388358806125492,0.4547886633535607,0.1363361485483887,156,41.43453876611859,31.11319515947845,17.8794,0.7463071497793811,3.4423170854402922,14.437082914559708,1.1424952673190347,3.969077519927574,40,0.8142857142857143,3.231963123369596
2024-06-05,25.8,14.9,20.7,78,25.73,0.0,4.65,1.2891666666666668,2.508150283078935,1.9563572208015694,0.5517930622773657,0.15031318408423214,157,41.49603108965564,31.15936974522242,19.8121,0.8257548278538307,4.020620271619068,15.791479728380933,0.964233594404008,4.503723231875844,41,0.8399999999999999,3.783127514775708
2024-06-06,27.2,15.9,21.2,76,26.33,0.0,4.99,1.5833333333333333,2.707046715779133,2.057355503992141,0.6496912117869917,0.1544040611111723,158,41.55330630044604,31.20237770100493,20.2741,0.8438459482897674,4.071858099224077,16.202241900775924,1.1842558690159115,4.744071388893899,42,0.8657142857142857,4.1070103738138615
2024-06-07,27.6,16.9,22.5,77,25.73,0.0,4.93,1.7058333333333333,2.8091327813791658,2.163032241661958,0.6461005397172079,0.16548316037309999,159,41.606355895345246,31.242212641814746,19.8121,0.8235652287175983,3.8219836855493905,15.99011631445061,1.2758798757239846,4.770731299785271,43,0.8914285714285715,4.252766187237156
2024-06-08,27.5,18.3,23.1,78,20.59,0.1,4.08,1.6050000000000002,2.8872576470681794,2.25206096471318,0.6351966823549993,0.17081860611256544,160,41.655172142687,31.27886876194367,15.8543,0.6582718881781112,2.6396835958000517,13.214616404199948,1.2004614756445504,4.05870621824837,44,0.917142857142857,3.7224134173077905
2024-06-09,26.5,18.5,21.9,82,17.52,13.8,3.49,1.8495833333333334,2.7959298310399925,2.2926624614527937,0.5032673695871988,0.1602891009586542,161,41.69974808363468,31.312340836001283,13.4904,0.5595238021890853,1.946342268167143,11.544057731832856,1.3833978427793767,3.4670539955292607,45,0.9428571428571428,3.26893662435616
2024-06-10,26.0,17.9,21.2,82,21.47,19.5,4.01,2.50375,2.706243523807001,2.2191196895217407,0.4871238342852604,0.1544040611111723,162,41.74007753374754,31.342624220091025,16.5319,0.6850096484976983,2.8127070429992354,13.719192957000764,1.8726825044517401,3.980840787210033,46,0.9685714285714284,3.8557286481834314
2024-06-11,25.0,17.0,20.1,80,19.12,11.2,3.67,2.3683333333333336,2.5527535346886463,2.042202827750917,0.5105507069377291,0.14552546018733548,163,41.77615508465933,31.36971485307069,14.7224,0.6095050621133842,2.4316547228414866,12.290745277158514,1.7713974630227478,3.6214398057530466,47,0.9942857142857142,3.6007458640058863
2024-06-12,23.0,15.9,18.3,86,19.36,12.9,3.44,1.8866666666666667,2.3080713757149107,1.9849413831148233,0.32312999260008746,0.13192895965572127,164,41.807976105770074,31.39360925782275,14.9072,0.6166860216996496,2.478105521674547,12.429094478325453,1.4111343618168546,3.3035660882177798,48,1.02,3.3696374099821353
2024-06-13,22.1,14.8,17.8,78,23.2,4.0,4.06,1.6641666666666666,2.1718004315651953,1.6940043366208524,0.47779609494434294,0.1283490893420019,165,41.83553674585589,31.41430454246319,17.864,0.7385170653273642,3.6228214655958224,14.241178534404177,1.244715247591987,3.8847713761997458,49,1.0457142857142856,4.062360924826019
2024-06-14,24.8,14.0,19.4,73,22.72,0.2,4.23,2.0208333333333335,2.3644200393691612,1.7260266287394876,0.6383934106296736,0.1401034503070449,166,41.85883393450717,31.431798401421432,17.4944,0.7228348728201482,3.5154691635018502,13.978930836498149,1.5114844644018872,4.131984122647051,50,1.0714285714285714,4.4271258456932685
2024-06-15,26.2,16.2,21.2,70,23.97,0.0,4.65,2.1037500000000002,2.621515869977017,1.835061108983912,0.7864547609931052,0.1544040611111723,167,41.87786538331225,31.446089116329166,18.4569,0.7622569506601372,3.7647045873164373,14.692195412683564,1.5735020743845627,4.58375378775613,51,1.097142857142857,5.029032727138153
2024-06-16,25.6,15.8,20.8,75,26.04,0.1,4.85,1.4379166666666665,2.5389797257318234,1.9042347942988676,0.6347449314329559,0.15112394383600908,168,41.89262958671108,31.45717555666135,20.0508,0.8277920550462702,4.126557219678732,15.924242780321267,1.0754913168352396,4.624150421700615,52,1.1228571428571428,5.192260330652404
2024-06-17,27.2,16.7,22.1,71,27.49,0.0,5.22,1.375,2.754291805699725,1.9555471820468047,0.7987446236529203,0.16200493064816465,169,41.903125822451535,31.46505718007886,21.1673,0.8736675685243773,4.45703674628963,16.710263253710373,1.0284327283559231,5.0402350106184,53,1.1485714285714284,5.789069926481704
2024-06-18,29.1,17.6,23.5,74,26.81,0.0,5.3,1.4016666666666666,3.020765482943246,2.235366457378002,0.7853990255652441,0.1744556200862177,170,41.90935415159125,31.469734032429873,20.6437,0.851929665893332,3.9716194261984508,16.672080573801548,1.0483780903604016,5.1032658883174875,54,1.1742857142857142,5.99269222885282
2024-06-19,29.5,18.7,24.5,76,25.45,0.0,5.12,1.2979166666666666,3.1397437247284214,2.3862052307936,0.7535384939348213,0.183835009120509,171,41.91131541799689,31.471206747373863,19.5965,0.8086756953520282,3.520484163629767,16.07601583637023,0.9707781663117274,4.960615944244495,55,1.2,5.952739133093393
2024-06-20,29.1,21.5,25.3,74,20.71,0.0,4.54,2.5316666666666667,3.296652071957309,2.4395225332484087,0.8571295387089002,0.19164125727803297,172,41.90901124730401,31.469476545600582,15.946700000000002,0.6580980134826948,2.544155986504081,13.40254401349592,1.8935628053001785,4.559657380328428,56,1.2,5.4715888563941135
2024-06-21,29.1,18.8,24.2,81,23.7,1.8,4.77,2.0412500000000002,3.0995046323863917,2.5105987522329776,0.5889058801534142,0.18097760754015932,173,41.90244404531165,31.464545233624516,18.249,0.7532287475959781,3.0162066090452218,15.232793390954777,1.5267551321865662,4.622863365883486,57,1.2,5.547436039060183
2024-06-22,28.5,18.4,22.9,75,26.24,0.0,5.23,2.8854166666666665,3.003927168776748,2.252945376582561,0.750981792194187,0.1690242275340923,174,41.89161699579719,31.456415202144115,20.2048,0.8341700677390423,3.8315817174404203,16.373218282559577,2.158150498140839,5.117217931301054,58,1.2,6.140661517561265
2024-06-23,20.3,17.1,18.7,89,9.67,19.9,1.8,2.91625,2.1660513001681045,1.927785657149613,0.2382656430184915,0.13485343802414038,175,41.87653405774874,31.44508942396353,7.4459,0.3075201939998533,0.3375835319270635,7.108316468072936,2.1812123229585167,1.9818337914434603,59,1.2,2.3782005497321523
2024-06-24,24.3,16.4,19.3,88,14.43,39.7,2.69,2.21625,2.451668913972739,2.1574686442960105,0.2942002696767285,0.13934302147270944,176,41.85719996202389,31.43057145148374,11.1111,0.4591071473922821,1.320503989152661,9.79059601084734,1.6576465703409562,2.692248610017428,60,1.2,3.2306983320209133
2024-06-25,23.6,17.0,19.9,88,17.56,21.1,3.08,1.9525,2.425376176105231,2.134331034972603,0.2910451411326278,0.1439585042553502,177,41.833620207455596,31.41286541377841,13.521199999999999,0.5590066289303801,1.994877980736079,11.526322019263919,1.4603744742654108,3.130149315595876,61,1.2,3.756179178715051
2024-06-26,25.6,17.0,21.1,82,23.69,2.0,4.37,0.7675000000000001,2.610250260823687,2.140405213875423,0.4698450469482638,0.15357844313412952,178,41.80580105643696,31.391976013278516,18.241300000000003,0.7546514430942274,3.336662316001498,14.904637683998505,0.5740524501913972,4.2334844514528545,62,1.2,5.080181341743425
2024-06-27,29.4,17.7,23.6,76,27.45,0.0,5.3,1.5279166666666668,3.0622921869455917,2.3273420620786496,0.7349501248669421,0.1753750103078545,179,41.77374953002796,31.367908522098,21.1365,0.8750981908998517,4.003347264704011,17.13315273529599,1.1428069136003547,5.203385342844965,63,1.2,6.244062411413958
2024-06-28,30.6,20.0,25.3,74,27.33,0.0,5.45,1.3666666666666665,3.3647866088221208,2.4899420905283693,0.8748445182937514,0.19164125727803297,180,41.737473402637725,31.34066877804067,21.0441,0.8720298916897775,3.839908695971195,17.204191304028804,1.0221998027295236,5.412423987275822,64,1.2,6.4949087847309865
2024-06-29,30.6,22.3,26.2,80,21.72,0.2,4.67,2.9045833333333335,3.541978249876717,2.8335825999013737,0.7083956499753432,0.20075515809842714,181,41.69698119634542,31.310263180335777,16.7244,0.6937022494796886,2.4203677760597935,14.304032223940206,2.1724862270815577,4.670651441230533,65,1.2,5.60478172947664
2024-06-30,28.7,21.3,24.8,72,25.83,0.1,5.4,2.6220833333333333,3.2349792420967725,2.329185054309676,0.9057941877870963,0.18673033901982353,182,41.652282174932736,31.276698685156994,19.8891,0.8258544247273182,3.747973407946348,16.141126592053652,1.9611900483466134,5.326256607725246,66,1.2,6.391507929270295
2024-07-01,26.6,19.6,22.8,79,21.61,4.3,4.16,2.1966666666666668,2.881764332219227,2.276593822453189,0.6051705097660376,0.16813302065808716,183,41.603386337708365,31.23998280098521,16.6397,0.6917417380690264,2.841904856027915,13.797795143972087,1.6429991951189173,4.216145714837652,67,1.2,5.0593748578051825
2024-07-02,27.1,17.4,22.4,79,24.69,1.5,4.72,1.29875,2.7868538776265956,2.201614563325011,0.5852393143015848,0.16460774689933025,184,41.550304413212686,31.200123583881407,19.011300000000002,0.7913430193191715,3.553370376779924,15.457929623220078,0.9714014588743675,4.548630608977425,68,1.2,5.45835673077291
2024-07-03,22.1,18.3,20.1,80,16.08,0.9,3.1,2.984166666666667,2.3816672099709795,1.9053337679767837,0.4763334419941958,0.14552546018733548,185,41.49304785289728,31.157129632740567,12.381599999999999,0.516093754127556,1.8481951200478126,10.533404879952187,2.2320106668136734,3.205054681241691,69,1.2,3.846065617490029
2024-07-04,25.9,15.5,21.2,75,26.68,0.2,4.83,1.0758333333333334,2.5513215566340053,1.913491167475504,0.6378303891585013,0.1544040611111723,186,41.43162882487867,31.111010084601396,20.5436,0.8575742133555941,4.329760934807933,16.21383906519207,0.80467069836818,4.699223303106567,70,1.2,5.63906796372788
2024-07-05,28.3,16.9,22.8,74,26.19,0.0,5.08,1.61125,2.8859724874272876,2.1356196406961927,0.7503528467310949,0.16813302065808716,187,41.36606020787006,31.061774610089632,20.166300000000003,0.8431585229355454,4.013289290854241,16.15301070914576,1.2051361698643501,4.921666826061037,71,1.2,5.906000191273244
2024-07-06,28.8,18.7,23.6,75,25.15,0.0,5.09,1.9375,3.0581073048132,2.2935804786099,0.7645268262033,0.1753750103078545,188,41.29635558539756,31.00943340907503,19.3655,0.8110435191840608,3.638697893437766,15.726802106562236,1.4491552081378918,4.904007023200421,72,1.2,5.884808427840505
2024-07-07,27.2,19.5,22.7,81,19.29,5.2,3.83,1.8829166666666666,2.9371342017529827,2.3790787034199163,0.5580554983330663,0.16724578322202138,189,41.22252924040917,30.95399720662325,14.853299999999999,0.623182843599679,2.312252564276282,12.541047435723717,1.4083295452849747,3.814796402780584,73,1.2,4.577755683336701
2024-07-08,28.4,19.6,23.8,82,23.71,2.9,4.58,1.3533333333333335,3.074934744755611,2.5214464906996006,0.5534882540560102,0.17722605524927612,190,41.14459615038498,30.89547724932408,18.256700000000002,0.7674262419920611,3.0909038920424,15.165796107957602,1.0122271217272845,4.528457476672543,74,1.2,5.434148972007051
2024-07-09,30.7,20.4,25.8,76,25.87,0.0,5.25,1.4041666666666668,3.406619721885786,2.5890309886331972,0.8175887332525886,0.19666050184576003,191,41.0625719830565,30.833885302077128,19.919900000000002,0.8390120072950153,3.511571956125211,16.40832804387479,1.0502479680483217,5.180371020186355,75,1.2,6.216445224223626
2024-07-10,31.8,20.9,26.7,76,26.22,0.0,5.55,1.7154166666666668,3.5865354930913638,2.7257669747494364,0.8607685183419274,0.20597415419609683,192,40.97647309284106,30.769233645414353,20.1894,0.8521499203444626,3.4447019300274557,16.744698069972543,1.2830477401943443,5.3915558123832295,76,1.2,6.469866974859875
2024-07-11,32.8,21.2,27.0,70,26.61,0.0,5.58,1.4816666666666667,3.7458572427223746,2.6221000699056622,1.1237571728167124,0.20915998442580921,193,40.88631651809369,30.701535073436556,20.4897,0.8667319056311091,3.7062369636017505,16.78346303639825,1.1082141763738371,5.582279645425748,77,1.2,6.698735574510898
2024-07-12,29.0,21.0,25.1,79,22.44,2.8,4.54,2.3383333333333334,3.2463414986789934,2.564609783956405,0.6817317147225883,0.18966399559757055,194,40.7921199792754,30.630802892437895,17.2788,0.7325958799969937,2.8703485479058926,14.408451452094107,1.7489589307677094,4.573643115933346,78,1.2,5.488371739120015
2024-07-13,29.7,19.8,24.5,75,24.31,0.1,4.92,1.7195833333333335,3.240042723070193,2.4300320423026447,0.8100106807675482,0.183835009120509,195,40.69390187813055,30.557050920288233,18.7187,0.7955610658703806,3.4101171777215527,15.308582822278446,1.286164203007544,4.852445800538495,79,1.2,5.822934960646195
2024-07-14,30.4,19.3,24.7,72,26.9,0.0,5.43,1.7545833333333334,3.290124381168804,2.3688895544415387,0.9212348267272654,0.1857609902650545,196,40.59168129796066,30.48029348663866,20.713,0.8825374339584978,4.060263517785004,16.652736482214998,1.312342490638422,5.331402683330046,80,1.2,6.397683219996055
2024-07-15,32.2,19.5,26.0,66,26.63,0.0,5.74,1.7175,3.537828733121705,2.3349669638603254,1.2028617692613794,0.19869895242110683,197,40.48547800507413,30.400545434010162,20.5051,0.875971125511718,4.124885013687241,16.380214986312758,1.2846059716009441,5.55839450047612,81,1.2,6.670073400571344
2024-07-16,32.4,21.2,26.8,70,25.39,0.0,5.56,2.3091666666666666,3.690516845071584,2.5833617915501086,1.1071550535214754,0.20703153059292453,198,40.37531245148353,30.317822119818985,19.5503,0.8374612100980159,3.5699252872288194,15.98037471277118,1.7271436910753108,5.5346344015629425,82,1.2,6.641561281875531
2024-07-17,33.1,22.1,27.4,66,25.44,0.0,5.6,1.7837500000000002,3.859260415315956,2.547111874108531,1.3121485412074252,0.21347213281933025,199,40.26120577891376,30.232139419386346,19.588800000000003,0.8414885776719663,3.6830462591564364,15.905753740843567,1.3341577303308205,5.5867123444754085,83,1.2,6.70405481337049
2024-07-18,32.9,22.3,28.1,68,25.26,0.0,5.6,1.7708333333333333,3.847333017074044,2.61618645161035,1.231146565463694,0.22119824570984212,200,40.14317982417417,30.143513729972383,19.450200000000002,0.8379912251199636,3.5658976799953552,15.884302320004647,1.324496695609901,5.528366242049921,84,1.2,6.634039490459904
2024-07-19,34.3,23.4,28.5,66,23.95,4.1,5.41,1.6083333333333334,4.143444027066722,2.7346730578640366,1.4087709692026853,0.225717686867152,201,40.02125712593865,30.05196197586733,18.4415,0.7969529583204119,3.2183253816862374,15.223174618313763,1.2029546458951101,5.438108039877683,85,1.2,6.525729647853219
2024-07-20,32.0,22.1,26.7,65,25.74,11.1,5.57,1.6224999999999998,3.707432365679557,2.409831037691712,1.297601327987845,0.20597415419609683,202,39.895460932966806,29.957501614564777,19.8198,0.8592171780935728,3.963331418573015,15.856468581426986,1.2135506194599892,5.486465825773508,86,1.2,6.583758990928209
2024-07-21,32.3,21.7,26.6,67,22.82,1.1,5.12,2.0879166666666666,3.7159737599835183,2.4897024191889576,1.2262713407945607,0.2049213241202794,203,39.76581521378871,29.860150644033943,17.5714,0.7642292321977764,3.2373134072672065,14.334086592732794,1.5616595156944033,5.150802853518327,87,1.2,6.180963424221992
2024-07-22,33.0,20.5,26.4,73,24.83,9.8,5.31,2.214583333333333,3.72089453803377,2.716253012764652,1.0046415252691179,0.20282924107339942,204,39.6323446678647,29.759927611099602,19.1191,0.8343434273253783,3.3736722897669145,15.745427710233084,1.656399985215676,5.326132305783847,88,1.2,6.391358766940617
2024-07-23,32.3,22.3,27.6,67,24.35,0.0,5.33,1.67375,3.7643210393916893,2.522095096392432,1.2422259429992573,0.21565607816104823,205,39.49507473822072,29.65685162092994,18.7495,0.8210581592152318,3.571821803609893,15.177678196390108,1.2518831120623466,5.294051116679727,89,1.2,6.352861340015672
2024-07-24,33.2,22.0,27.4,62,23.89,0.1,5.66,2.3204166666666666,3.865392166791545,2.396543143410758,1.4688490233807872,0.21347213281933025,206,39.354031625548245,29.55094234762418,18.395300000000002,0.8084344559631512,3.6740402151683065,14.721259784831696,1.7355581406709504,5.605729074566373,90,1.2,6.726874889479647
2024-07-25,32.0,21.1,27.1,59,25.29,4.1,5.96,2.7116666666666664,3.628549075875414,2.140843954766494,1.4877051211089198,0.2102310929908757,207,39.20924230374687,29.442220045883523,19.4733,0.8589705518329598,4.337535958832383,15.135764041167615,2.0281939988304085,5.888493411754338,91,1.18,6.948422225870118
2024-07-26,32.7,22.4,27.9,55,24.89,0.1,5.9,2.232083333333333,3.8276005903190367,2.1051803246754703,1.7224202656435663,0.21896719002536724,208,39.06073453687622,29.330705563740352,19.165300000000002,0.8485987473403944,4.373475040247693,14.791824959752308,1.6694891290311151,5.857235890104828,92,1.16,6.7943936325216
2024-07-27,32.9,22.6,28.1,59,24.92,0.0,5.68,1.6658333333333335,3.8720910151814447,2.2845336989570524,1.5875573162243923,0.22119824570984212,209,38.90853689747371,29.21642035631301,19.1884,0.8529450116093826,4.143888325915568,15.044511674084433,1.245961832717267,5.540000642705187,93,1.14,6.3156007326839125
2024-07-28,34.9,23.8,29.7,59,25.47,0.1,6.08,2.0520833333333335,4.269981486590526,2.51928907708841,1.7506924095021157,0.23974396206806198,210,38.75267878618295,29.099386500544774,19.6119,0.8752761849299872,4.030189202560213,15.581710797439786,1.5348579355008853,6.026788879328336,94,1.1199999999999999,6.750003544847736
2024-07-29,32.8,23.8,28.5,62,24.42,0.0,5.93,2.5241666666666664,3.961138149188269,2.455905652496727,1.505232496691542,0.225717686867152,211,38.5931904526284,28.979626710878666,18.803400000000003,0.8426609577697899,3.8513652154978297,14.952034784502175,1.887953172236419,5.794395127219427,95,1.0999999999999999,6.373834639941369
2024-07-30,33.7,24.2,28.9,55,24.34,0.0,6.05,2.4766666666666666,4.12548805977066,2.2690184328738634,1.8564696268967968,0.23031442615975278,212,38.43010301746139,28.857164355811758,18.7418,0.8434647181505894,4.1652384195780074,14.576561580421995,1.8524254961659414,6.0575702982529025,96,1.08,6.5421759221131355
2024-07-31,34.1,24.3,29.1,55,24.17,0.0,5.77,1.66875,4.19351030091557,2.3064306655035636,1.887079635412006,0.23264210672547564,213,38.26344849549353,28.73202347526609,18.6109,0.8412216431887125,4.107549616689406,14.503350383310595,1.2481433566865068,5.629053827537625,97,1.06,5.966797057189883
2024-08-01,34.1,24.4,28.6,71,22.29,0.8,4.86,1.3895833333333334,4.202630769813179,2.9838678465673567,1.218762923245822,0.22685958459062655,214,38.093259819824205,28.604228798705996,17.1633,0.7792554085921855,2.830154006824602,14.333145993175398,1.0393403482021224,4.975444013906047,98,1.04,5.17446177446229
2024-08-02,32.3,21.9,26.8,72,19.66,3.0,4.38,1.8929166666666666,3.7319181850098806,2.686981093207114,1.0449370918027667,0.20703153059292453,215,37.91957086686135,28.473805763926187,15.138200000000001,0.6904591596571013,2.5683475692558426,12.56985243074416,1.415809056036654,4.438045024274447,99,1.02,4.526805924759937
2024-08-03,30.9,23.0,26.2,71,21.24,5.7,4.61,2.055,3.638258143332872,2.583163281766339,1.0550948615665328,0.20075515809842714,216,37.74241648212589,28.34078053642833,16.3548,0.7494500715214524,3.0296311538801874,13.325168846119814,1.5370394594701253,4.6842692754409345,100,1.0,4.6842692754409345
2024-08-04,32.0,21.5,27.1,61,22.35,0.0,5.22,1.8866666666666667,3.659597558458638,2.232354510659769,1.4272430477988691,0.2102310929908757,217,37.56183250672425,28.20518002929924,17.209500000000002,0.7924076349373789,3.7419358784090098,13.467564121590993,1.4111343618168546,5.041878194755189,101,0.98,4.941040630860085
2024-08-05,33.0,23.3,28.3,54,23.93,0.0,5.77,2.2870833333333334,3.9454844626472627,2.130561609829522,1.8149228528177406,0.2234483685501834,218,37.37785580436593,28.067031923498376,18.4261,0.8526017309284935,4.3979375053121625,14.02816249468784,1.7106264381653522,5.768532612830693,102,0.96,5.537791308317465
2024-08-06,33.1,23.4,27.8,63,20.99,0.6,4.99,2.1008333333333336,3.9682808901464863,2.500016960792286,1.4682639293542001,0.2178587724271508,219,37.190524288798166,27.926364688458545,16.1623,0.7516194905481121,3.1960524989514187,12.96624750104858,1.5713205504153227,5.036620432149415,103,0.94,4.73442320622045
2024-08-07,31.4,21.8,25.0,81,17.89,4.8,3.72,1.7179166666666665,3.6038946114156065,2.9191546352466413,0.6847399761689652,0.18868182684282603,220,36.999876951524094,27.78320760289944,13.775300000000001,0.6439141317193703,2.0753946926697173,11.699905307330283,1.2849176178822639,3.785496866690507,104,0.9199999999999999,3.482657117355266
2024-08-08,31.7,20.1,25.9,76,24.12,0.0,4.86,1.1641666666666666,3.513777654743878,2.6704710176053474,0.8433066371385305,0.1976775153603441,221,36.80595388966685,27.63759077575084,18.572400000000002,0.872724406251895,3.6205352262469543,14.951864773753048,0.8707397100080149,4.758996396695152,105,0.8999999999999999,4.283096757025636
2024-08-09,33.0,22.0,27.7,68,23.25,0.0,4.99,1.28875,3.8370394939087134,2.609186855857925,1.2278526380507881,0.2167550737640033,222,36.6087963338383,27.48954516707918,17.9025,0.8457760890072362,3.6192173056338284,14.283282694366171,0.963921948122688,4.908076045742417,106,0.8799999999999999,4.3191069202533265
2024-08-10,34.3,23.1,28.9,64,23.48,0.0,5.44,1.76625,4.117616485255845,2.635274550563741,1.482341934692104,0.23031442615975278,223,36.408446675868085,27.339102608909347,18.0796,0.8588431133196109,3.722250600269622,14.357349399730378,1.3210685865153813,5.315228175422823,107,0.86,4.571096230863628
2024-08-11,34.8,23.9,29.7,61,22.22,0.0,5.12,1.4604166666666665,4.26343932179137,2.6006979862927357,1.6627413354986347,0.23974396206806198,224,36.204948496246686,27.18629582583164,17.1094,0.8173235567784557,3.540386199961328,13.569013800038672,1.0923202160265182,5.093225779868987,108,0.84,4.278309655089949
2024-08-12,34.6,24.4,29.0,67,20.74,0.9,4.63,1.1745833333333333,4.277935651225794,2.866216886321282,1.4117187649045118,0.23147581029180006,225,35.99834659113474,27.031158455283077,15.9698,0.767262714038306,2.910584544291756,13.059215455708243,0.8785308670410144,4.649929403049525,109,0.8200000000000001,3.8129421105006105
2024-08-13,34.8,23.2,28.8,69,20.46,0.5,4.7,1.4266666666666667,4.202213672324386,2.899527433903826,1.3026862384205598,0.2291579380125682,226,35.78868699878961,26.873725067391117,15.7542,0.7613384429844599,2.8209984067246388,12.933201593275362,1.0670768672396003,4.639869298285998,110,0.8,3.7118954386287983
2024-08-14,32.8,23.0,28.1,63,19.97,1.0,4.65,1.8383333333333332,3.891714807875761,2.4517803289617293,1.4399344789140316,0.22119824570984212,227,35.57601702526118,26.71403118426862,15.3769,0.7475472294784153,3.2121019047203867,12.164798095279613,1.3749833931837372,4.676859314311289,111,0.78,3.6479502651628057
2024-08-15,32.0,20.7,25.5,67,17.8,0.0,4.1,2.112083333333333,3.598159633877957,2.4107669546982313,1.1873926791797258,0.1936358509169449,228,35.36038526920805,26.552113298648326,13.706000000000001,0.6703797848326497,2.6910544590724075,11.014945540927593,1.5797350000109618,4.211190227321183,112,0.76,3.2005045727640993
2024-08-16,32.6,20.5,26.5,64,21.01,0.0,4.74,1.6391666666666669,3.6650112763184746,2.3456072168438236,1.319404059474651,0.2038730248918312,229,35.14184164568802,26.388008891747134,16.1777,0.7961949719734592,3.6101093354878735,12.567590664512128,1.2260164707127885,4.588456046371327,113,0.74,3.395457474314782
2024-08-17,32.5,21.1,26.6,62,18.62,0.0,4.39,1.73375,3.696550842870562,2.2918615225797483,1.4046893202908137,0.2049213241202794,230,34.92043740877725,26.22175645025084,14.3374,0.7100973588602559,3.1003287057440376,11.237071294255962,1.296760176572423,4.33262081583134,114,0.72,3.1194869873985644
2024-08-18,27.2,21.3,23.7,78,13.49,2.6,2.78,1.3545833333333333,3.070296641884667,2.3948313806700403,0.6754652612146268,0.17629848389579808,231,34.69622517287654,26.053395482312993,10.3873,0.5177827976072458,1.6523479601264093,8.73495203987359,1.0131620605712441,2.8807447736759837,115,0.7,2.0165213415731884
2024-08-19,26.7,19.4,22.0,87,12.13,13.7,2.41,1.9295833333333334,2.877949743466856,2.5038162768161647,0.37413346665069147,0.16114508692644333,232,34.46925893256446,25.882966532462653,9.340100000000001,0.4686479807013792,1.2651960508373612,8.07490394916264,1.4432339287928122,2.456693707564048,116,0.6799999999999999,1.6705517211435523
2024-08-20,29.5,19.4,23.9,79,20.43,0.6,4.13,1.7004166666666667,3.187858235740272,2.518408006234815,0.6694502295054572,0.17815773880284058,233,34.23959408086277,25.710511195319857,15.7311,0.7946166392723814,3.281137248167688,12.449962751832311,1.271828474066825,3.931914436770756,117,0.6599999999999999,2.5950635282686987
2024-08-21,31.7,21.0,26.1,72,21.11,0.1,4.55,1.5199999999999998,3.580882788884855,2.5782356079970956,1.0026471808877595,0.1997248282483387,234,34.00728742578193,25.536072128019654,16.2547,0.8266737301715594,3.488495180624926,12.766204819375073,1.136885634255275,4.340285060029196,118,0.64,2.777782438418685
2024-08-22,30.3,21.6,26.0,70,20.41,0.5,4.62,2.776666666666667,3.4483890544532776,2.413872338117294,1.0345167163359834,0.19869895242110683,235,33.77239720502053,25.359693061249917,15.7157,0.8048204665058372,3.5448978918824956,12.170802108117504,2.076810818716325,4.536468434629475,119,0.62,2.8126104294702743
2024-08-23,31.8,21.1,26.6,71,21.24,0.0,4.39,0.9754166666666667,3.60181184852455,2.5572864124524304,1.0445254360721195,0.2049213241202794,236,33.53498309869708,25.18141880881164,16.3548,0.843479081193295,3.6251805322945847,12.729619467705415,0.7295639445700656,4.219987831045338,120,0.6,2.5319926986272026
2024-08-24,33.1,21.3,27.2,65,21.41,0.0,4.6,1.1466666666666667,3.7958182383892165,2.467281854952991,1.3285363834362256,0.21130681013503458,237,33.29510623999836,25.00129527561477,16.4857,0.8563556313373264,3.8719835784514625,12.613716421548538,0.857650566192576,4.419469991892683,121,0.6,2.65168199513561
2024-08-25,33.0,21.3,27.1,58,21.27,0.0,5.17,2.2754166666666666,3.7816763884253364,2.193372305286695,1.5883040831386412,0.2102310929908757,238,33.05282922363493,24.81936946402747,16.3779,0.8569919566582128,4.278660536393231,12.09923946360677,1.701900342288393,5.003016621846352,122,0.6,3.001809973107811
